{"Eats": {"r": [0, 0, 0, 0, 0, 0, 0.4527928270830765, 0.1639926929497596, 0.18836970077852425, 0.12530907819868575, 0, 0.5181156207763046], "n": [0, 0, 0, 0, 0, 0, 0.1240683564093576, 0.3963592305525, 0.33607230108155894, 0.08773693513339101, 0, 0.564378760540958], "b": [0, 0, 0, 0, 0, 0, 0.15160580553814343, 0.5408600770935494, 0.40989600192712294, 0.08090001651629644, 0, 0.4856820304780395], "q": [0, 0, 0, 0, 0, 0, 0.16664257474970853, 0.2240013681668169, 0.2527342614736737, 0.2811729409419277, 0, 0.5627230283808028], "k": [0, 0, 0, 0, 0, 0, 0.10220577877941894, 0.06743490266928263, 0.11279280527468495, 0.056538225342124465, 0, 0.19900938871784182], "p": [0, 0, 0, 0, 0, 0, 0.0648700958922696, 0.3239709053385233, 0.35149618568385593, 0.0701242650995415, 0, 1.0], "R": [0.4619168266678282, 0.1680804149440739, 0.2022814997711013, 0.13336713832000152, 0, 0.5245434644645276, 0, 0, 0, 0, 0, 0], "N": [0.13449207549936545, 0.4133559538181784, 0.31504096799277403, 0.09116247292025033, 0, 0.6154046397434908, 0, 0, 0, 0, 0, 0], "B": [0.1492671653217841, 0.5409526262863062, 0.42063954220724703, 0.08327545360148768, 0, 0.5205484006196147, 0, 0, 0, 0, 0, 0], "Q": [0.16963108863116125, 0.24310955985294852, 0.27426672565357174, 0.28550894441870256, 0, 0.5599514080915, 0, 0, 0, 0, 0, 0], "K": [0.09540586413868751, 0.05499988055588805, 0.08611963371136222, 0.05162830571501069, 0, 0.1887876931034336, 0, 0, 0, 0, 0, 0], "P": [0.06268628053243451, 0.31420289177935873, 0.33236608752437413, 0.06954283719709543, 0, 0.996971257727126, 0, 0, 0, 0, 0, 0]}, "NumberOfMoves": {"r": 4.5280649414, "n": 5.7677038447, "b": 4.9588505204, "q": 4.0170593483, "k": 4.2686903361, "p": 9.4644704442, "R": 4.6717162177, "N": 5.8769439658, "B": 5.1878338834, "Q": 4.1501595681, "K": 4.1648555924, "P": 9.4724645399}, "LifeSpan": {"r": 0.8560792058, "n": 0.6278635631, "b": 0.6698978905, "q": 0.76283276, "k": 1.0, "p": 0.7939407365, "R": 0.8589977416, "N": 0.6351276215, "B": 0.6596373438, "Q": 0.7662190802, "K": 1.0, "P": 0.7925536199}, "EatenBy": {"r": [0, 0, 0, 0, 0, 0, 0.4619168266678282, 0.13449207549936545, 0.1492671653217841, 0.16963108863116125, 0.09540586413868751, 0.06268628053243451], "n": [0, 0, 0, 0, 0, 0, 0.1680804149440739, 0.4133559538181784, 0.5409526262863062, 0.24310955985294852, 0.05499988055588805, 0.31420289177935873], "b": [0, 0, 0, 0, 0, 0, 0.2022814997711013, 0.31504096799277403, 0.42063954220724703, 0.27426672565357174, 0.08611963371136222, 0.33236608752437413], "q": [0, 0, 0, 0, 0, 0, 0.13336713832000152, 0.09116247292025033, 0.08327545360148768, 0.28550894441870256, 0.05162830571501069, 0.06954283719709543], "k": [0, 0, 0, 0, 0, 0, 0, 0, 0, 0, 0, 0], "p": [0, 0, 0, 0, 0, 0, 0.5245434644645276, 0.6154046397434908, 0.5205484006196147, 0.5599514080915, 0.1887876931034336, 0.996971257727126], "R": [0.4527928270830765, 0.1240683564093576, 0.15160580553814343, 0.16664257474970853, 0.10220577877941894, 0.0648700958922696, 0, 0, 0, 0, 0, 0], "N": [0.1639926929497596, 0.3963592305525, 0.5408600770935494, 0.2240013681668169, 0.06743490266928263, 0.3239709053385233, 0, 0, 0, 0, 0, 0], "B": [0.18836970077852425, 0.33607230108155894, 0.40989600192712294, 0.2527342614736737, 0.11279280527468495, 0.35149618568385593, 0, 0, 0, 0, 0, 0], "Q": [0.12530907819868575, 0.08773693513339101, 0.08090001651629644, 0.2811729409419277, 0.056538225342124465, 0.0701242650995415, 0, 0, 0, 0, 0, 0], "K": [0, 0, 0, 0, 0, 0, 0, 0, 0, 0, 0, 0], "P": [0.5181156207763046, 0.564378760540958, 0.4856820304780395, 0.5627230283808028, 0.19900938871784182, 1.0, 0, 0, 0, 0, 0, 0]}, "Favorite_victim": {"r": "P", "n": "P", "b": "N", "q": "P", "k": "P", "p": "P", "R": "p", "N": "p", "B": "n", "Q": "p", "K": "p", "P": "p"}, "Worst_ennemy": {"r": "R", "n": "B", "b": "B", "q": "Q", "k": "r", "p": "P", "R": "r", "N": "b", "B": "b", "Q": "q", "K": "r", "P": "p"}}