{"Eats": {"r": [0,         0,         0,         0,         0,         0, 0.38596529, 0.12703939, 0.14695429, 0.09602346, 0,         0.45352278], 
            "n": [0,         0,         0,         0,         0,         0, 0.09504014, 0.330786,   0.27461954, 0.06654872, 0,         0.50418516], 
            "b": [0,         0,         0,         0,         0,        0, 0.11703112, 0.4781108,  0.34377821, 0.06125098, 0,         0.4194431 ], 
            "q": [0,         0,         0,        0,         0,         0, 0.12919003, 0.17660982, 0.20102319, 0.22565327, 0,         0.50232682], 
            "k": [0,         0,        0,         0,         0,         0, 0.07782609, 0.05087454, 0.08613556, 0.0425321,  0,         0.1557401 ],
            "p": [0,         0,         0,         0,         0 ,        0, 0.04890657, 0.263657,   0.28873775, 0.05294099, 0,         1.48296771], 
            "R": [0.39514931, 0.13035841, 0.15845379, 0.10242683, 0,         0.4604117,  0,         0,         0,         0,         0,         0        ],
            "N": [0.10332313, 0.34712282, 0.25563024, 0.06921054, 0,         0.56329412, 0,         0,         0,         0,         0,         0        ],
            "B": [0.11514978, 0.47821208, 0.35419599, 0.0630894,  0,         0.45612463, 0,         0,         0,         0,         0,         0        ],
            "Q": [0.13161961, 0.19279395, 0.21962781, 0.2294511,  0,         0.4992239, 0,         0,         0,         0,         0,         0        ],
            "K": [0.07251484, 0.04135824, 0.06529373, 0.03878884, 0,         0.14729836, 0,         0,         0,         0,         0,         0        ],
            "P": [0.04723306, 0.25487962, 0.27125158, 0.05249398, 0,         1.40135405, 0,         0,         0,         0,         0,         0        ]},
"NumberOfMoves": {
            "r": 4.5280649414, 
            "n": 5.7677038447, 
            "b": 4.9588505204, 
            "q": 4.0170593483, 
            "k": 4.2686903361, 
            "p": 9.4644704442, 
            "R": 4.6717162177, 
            "N": 5.8769439658, 
            "B": 5.1878338834, 
            "Q": 4.1501595681, 
            "K": 4.1648555924, 
            "P": 9.4724645399}, 
"LifeSpan": {
            "r": 0.8560792058, 
            "n": 0.6278635631, 
            "b": 0.6698978905, 
            "q": 0.76283276, 
            "k": 1.0, 
            "p": 0.7939407365, 
            "R": 0.8589977416, 
            "N": 0.6351276215, 
            "B": 0.6596373438, 
            "Q": 0.7662190802, 
            "K": 1.0, 
            "P": 0.7925536199}, 
"EatenBy": {"r": [0,         0,         0,         0,         0,         0, 0.39514931, 0.10332313, 0.11514978, 0.13161961, 0.07251484, 0.04723306],
            "n": [0,         0,         0,         0,         0,         0, 0.13035841, 0.34712282, 0.47821208, 0.19279395, 0.04135824, 0.25487962],
            "b": [0,         0,         0,         0,         0,         0, 0.15845379, 0.25563024, 0.35419599, 0.21962781, 0.06529373, 0.27125158], 
            "q": [0,         0,         0,         0,         0,         0, 0.10242683, 0.06921054, 0.0630894,  0.2294511,  0.03878884, 0.05249398], 
            "k": [0, 0, 0, 0, 0, 0, 0, 0, 0, 0, 0, 0], 
            "p": [0,         0,         0,         0,         0,         0, 0.4604117,  0.56329412, 0.45612463, 0.4992239,  0.14729836, 1.40135405], 
            "R": [0.38596529, 0.09504014, 0.11703112, 0.12919003, 0.07782609, 0.04890657, 0,         0,         0,         0,         0,         0        ], 
            "N": [0.12703939, 0.330786,   0.4781108,  0.17660982, 0.05087454, 0.263657, 0,         0,         0,         0,         0,        0        ], 
            "B": [0.14695429, 0.27461954, 0.34377821, 0.20102319, 0.08613556, 0.28873775, 0,         0,         0,         0,         0,         0        ], 
            "Q": [0.09602346, 0.06654872, 0.06125098, 0.22565327, 0.0425321,  0.05294099, 0,         0,         0,         0,         0,         0        ], 
            "K": [0, 0, 0, 0, 0, 0, 0, 0, 0, 0, 0, 0], 
            "P": [0.45352278, 0.50418516, 0.4194431,  0.50232682, 0.1557401,  1.48296771, 0,         0,         0,         0,         0,         0        ]}, 
"Favorite_victim": {
            "r": "P", 
            "n": "P", 
            "b": "N", 
            "q": "P", 
            "k": "P", 
            "p": "P", 
            "R": "p", 
            "N": "p", 
            "B": "n", 
            "Q": "p", 
            "K": "p", 
            "P": "p"}, 
"Worst_ennemy": {
            "r": "R", 
            "n": "B", 
            "b": "B", 
            "q": "Q", 
            "k": "r", 
            "p": "P", 
            "R": "r", 
            "N": "b", 
            "B": "b", 
            "Q": "q", 
            "K": "r", 
            "P": "p"}
}